RecallID,RecallNumber,DistributorFirm
8222,18712,"Land of Nod, of Morton Grove, Ill."
8220,18069,"Rocky Mountain Bicycles, of Canada"
8218,18710,"Shoes for Crews LLC, of West Palm Beach, Fla."
8219,18071,"Vilo Home Inc., Santa Fe Springs, Calif."
8216,18072,"American Honda Motor Company Inc., of Torrance, Calif."
8212,18707,"Melville Direct LLC, of Dedham, Mass."
8213,18708,"Polaris Industries Inc., of Medina, Minn."
8209,18064,"Monte Carlo Fan Company, of Skokie, Ill."
8211,18066,"Squatty Potty, LLC, of St. George, Utah and Amazon, of Seattle, Wash"
8206,18061,"Todd Snyder, of New York, N.Y."
8201,18056,"One Stop Shop, LLC, of Feeding Hills, Mass."
8200,18055,"MWE Investments of Columbus, Ohio"
8199,18053,"Metabo Corp., West Chester, Pa."
8198,18047,"Netgear Inc., of San Jose, Calif."
8195,18704,"Kubota Tractor Corp., Grapevine, Texas."
8191,18045,"Toys?R?Us Inc., of Wayne, N.J."
8190,18703,"Goal Zero LLC, of Bluffdale, Utah"
8188,18042,"Woolino, of Westlake, Ohio"
8181,18035,"Wholesale Fireworks Inc., of Laramie, Wyo."
8172,18025,"Norco Bicycles, of Canada"
8171,18023,"Wealers Outdoor LLC, of Airmont, N.Y."
8169,18021,"Dondolo, of Carrollton, Texas"
8168,18020,"Little Mass, a Mass Creation, Inc. subsidiary, of Los Angeles, Calif."
8167,18019,"VIV&LUL, of China"
8164,18016,"PlanToys Inc., of Union City, Calif."
8160,18012,"Kids Preferred LLC., of East Windsor, N.J."
8152,18004,"Toys ?R? Us Inc., of Wayne, N.J."
8151,18003,"SUUNTO OY of Vantaa, Finland."
8149,18001,"Playtex Products, LLC, of Shelton, Conn."
8146,17233,"Saber Grills LLC, of Columbus, Ga."
8143,17230,"Tucker Rocky Corporation, Inc., of Ft. Worth, Texas and LeMans Corporation, of Janesville, Wis."
8141,17228,"DEMDACO, of Leawood, Kan."
8142,17229,"Fireworks Over America, Springfield, MO."
8139,17224,"Southwire Company LLC, of Carrollton, Ga., and Southwire Canada Company of Mississauga, Ontario, Canada."
8138,17223,"Target Corp., of Minneapolis, Minn."
8137,17222,"Nantucket Distributing Co. LLC, Middleboro, Mass."
8135,17219,"Smith Sport Optics Inc., Clearfield, Utah"
8132,17217,"Ameriwood Home, of Tiffin, Ohio"
8133,17218,"Kawasaki Motors Corp. U.S.A., of Foothill Ranch, Calif."
8131,17765,"ASHERANGEL, of China"
8129,17216,"Hallmark Marketing Company LLC, of Kansas City, Miss."
8128,17215,"Handi-Craft Company, of St. Louis, Mo."
8127,17212,"Fabri-Tech Inc., of Jenison, Mich."
8125,17210,"Arc?teryx Equipment, a division of Amer Sports Canada Inc., of Vancouver BC, Canada"
8121,17762,"FedEx Supply Chain Logistics & Electronics, Inc., of Cranberry Township, Pa."
8120,17207,"Ravensburger North America, of Newton, N.H."
8117,17204,"Kawasaki Motors Corp. U.S.A., of Foothill Ranch, Calif."
8115,17202,"Wholesale Merchandisers LLC, of Grand Rapids, Mich."
8113,17761,"Firewood, of Wellesley, Mass."
8112,17200,"Belle Investment Corporation, of Irvine, Calif."
8110,17198,"Fred?s Stores of Tennessee Inc., of Memphis, Tenn."
8109,17197,"Sweet Bamboo, of Carlsbad, Calif."
8108,17196,"MixBin Electronics LLC, of Hamilton, N.J."
8107,17192,"Panelcraft Inc., of Dearborn, Mich."
8106,17760,"Nestl� Waters North America Inc., of Stamford, Conn."
8105,17757,"Really Good Stuff, LLC, of Monroe, Conn."
8097,17189,"Corbeau USA, LLC., of Bluffdale, Utah"
8093,17186,"YSN Imports Inc., DBA Flame King, of Gardena, Calif."
8088,17184,"Lumicentro Internacional S.A., of Panama"
8085,17752,"Homestar North America LLC, of Statesville, N.C."
8084,17182,"South Shore Industries Ltd., of Canada"
8081,17751,"Kawasaki Motors Corp. U.S.A., of Foothill Ranch, Calif."
8079,17749,"iFashioning, of Point Roberts, Wash."
8078,17178,"Little Giraffe, of Van Nuys, Calif."
8076,17176,"Great Trango Holdings Inc. (GTHI), of Lafayette, Colo."
8077,17177,"Noble House Home Furnishings LLC, of Chatsworth, Calif."
8069,17169,"Kreative Kids Inc., of Pomona, Calif."
8068,17168,"Sunrise Global Marketing, of Mooresville, N.C."
8061,17162,"Dynacraft BSC Inc., of American Canyon, Calif."
8060,17160,"Bravo Sports, of Sante Fe Springs, Calif."
8058,17157,"Michaels Stores Procurement Co. Inc. (MSPCI), a subsidiary of The Michaels Companies Inc., of Irving, Texas"
8053,17152,"404 Park Partners LP, of New York"
8051,17746,"Little Passports Inc., of San Francisco, Calif."
8049,17149,"Nature?s Truth LLC, of Ronkonkoma, N.Y."
8048,17148,"AM Conservation Group Inc. of Charleston, S.C."
8047,17147,"Profile Design LLC, of Carson, Calif."
8046,17745,"Polaris Industries Inc., of Medina, Minn."
8042,17741,"DGFA Inc., of China"
8031,17135,"Cost Plus Management Services Inc., of Alameda, Calif."
8027,17131,"Bosch Solar Energy Corporation, San Mateo, Calif."
8030,17740,"Polaris Industries Inc., of Medina, Minn."
8026,17130,"PPJ, LLC; d.b.a Customatic Beds of Natick, Mass."
8022,17738,"Vanguard Furniture Company Inc., of Conover, N.C."
8020,17126,"Marin Mountain Bikes Inc., of Novato, Calif."
8017,17118,"Walmart, of Bentonville, Arkansas"
8014,17121,"Sundesa LLC, dba BlenderBottle Company, of Lehi, Utah"
8016,17124,"humangear inc., of San Francisco, Calif."
8015,17122,"Sock and Accessory Brands Global, of Advance, N.C."
8009,17116,"OPW, of Hamilton, Ohio"
8003,17112,"Polaris Industries Inc., of Medina, Minn."
8002,17111,"Advanced Sports International, of Philadelphia, Pa."
8000,17109,"Performance Designed Products LLC, of Burbank, Calif."
7995,17105,"Sears Holding Corp. of Hoffman Estates, Ill."
7996,17733,"L.L. Bean, of Freeport, Maine"
7991,17102,"Polaris Industries Inc., of Medina, Minn."
7990,17100,"Philips Lighting North America Corp., of Somerset, N.J."
7988,17099,"Dillard?s Inc., of Little Rock, Ark."
7987,17098,"S.R. Smith LLC, of Canby, Ore."
7980,17090,"Yamaha Corporation of America, of Buena Park, Calif."
7976,17084,"Feld Entertainment Inc., of Vienna, Va."
7975,17083,"La-Z-Boy Incorporated, of Monroe, Mich."
7966,17077,"Sears, of Hoffman Estates, Ill."
7965,17076,"The Home Depot, of Atlanta, Ga."
7969,17731,"South Shore Industries Ltd., of Canada"
7963,17074,"IKEA North America Services LLC, of Conshohocken, Pa."
7961,17072,"Target Corp., of Minneapolis, Minn."
7955,17727,"Yamaha Motor Corporation U.S.A., of Cypress, Calif."
7953,17725,"Linon Home D�cor Products Inc., of Mineola, N.Y."
7949,17723,"Active Kyds LLC, of Dassel, Minn."
7950,17066,"Dunkin? Brands, Inc., of Canton, Mass."
7948,17065,"SporTex US, of New York"
7947,17722,"Curio Design Inc., of Culver City, Calif."
7943,17061,"Polaris Industries Inc., of Medina, Minn."
7942,17721,"Suzuki Motor of America, Inc., of Brea, Calif."
7941,17060,"Tea Living Inc., d/b/a Tea Collection Inc. of San Francisco, Calif."
7939,17058,"Eastman Outdoors Inc., dba Carbon Express, of Flushing, Mich."
7937,17056,"Zebra Technologies Corp., of Lincolnshire, Ill."
7934,17054,"MTD Southwest Inc, of Tempe, Ariz."
7935,17053,"MTD Southwest Inc, of Tempe, Ariz."
7929,17050,"Conair Corp., of Stamford, Conn., owner of the Cuisinart brand"
7926,17047,"The Yankee Candle Company Inc., of South Deerfield, Mass."
7924,17718,"Playworld Systems Inc., of Lewisburg, Pa."
7920,17043,"The Valspar Corporation, Cabot brand owner, of Minneapolis, Minn."
7917,17716,"BioLite, Inc., of New York"
7918,17041,"Summit Treestands LLC, of Decatur, Ala."
7911,17036,"Human Touch LLC, of Calif."
7908,17033,"Skidders Footwear Inc., of New York"
7905,17711,"Hammerhead Off-Road, of Flower Mound, Texas"
7902,17709,"Trane U.S. Inc., of Tyler, Texas"
7899,17028,"Samsung Electronics America Inc., of Ridgefield Park, N.J."
7898,17027,"KTM North America, Inc., of Amherst, Ohio"
7895,17708,"Ship to Order, of Las Vegas, Nev."
7890,17021,"Parkway Manufacturing and Trading Company, of San Antonio, Texas"
7888,17705,"Fiddle Diddles Inc., of Maple Grove, Minn."
7885,17018,"Cabela?s Inc., of Sidney, Neb."
7886,17019,"Makita U.S.A. Inc., of La Mirada, Calif."
7884,17704,"Summer Classics Inc., of Pelham, Ala."
7881,17017,"Sherwood Marketing, owner of the 3 Squares brand, LLC, of San Diego, Calif."
7883,17016,"Tabata USA Inc. (TUSA), of Long Beach, Calif."
7879,17013,"Bed Bath & Beyond, of Union, N.J."
7871,17007,"Summer Infant, Inc., of Woonsocket, R.I."
7873,17703,"Datafly Commerce LLC, d/b/a Wildhorn Outfitters, of Draper, Utah"
7867,17006,"Office Depot, Inc., of Boca Raton, Fla."
7864,17700,"Probity Cell LLC, of Holdrege, Neb."
7865,17701,"Hallee, Inc., of Santa Cruz, Calif"
7863,16271,"Mahco Inc., of Bentonville, Ark."
7862,16270,"Advanced Sports International, of Philadelphia, Pa."
7860,16773,"Great Trango Holdings, Inc. (GTHI), of Louisville, Colo."
7861,16269,"SmartPool LLC, of Lakewood, N.J."
7855,16263,"Big 5 Sporting Goods, of El Segundo, Calif."
7853,16264,"Polaris Industries Inc., of Medina, Minn."
7851,16261,"BLACK+DECKER (U.S.) Inc., of Towson, Md."
7849,16258,"Creative Sourcing International, Inc., of Miami, Fla."
7850,16259,"Toys ?R? Us Inc., of Wayne, N.J."
7846,16255,"KTM North America, Inc., of Amherst, Ohio"
7847,16257,"Polaris Industries Inc., of Medina, Minn."
7845,16256,"SAHN Designs Inc., of Vancouver, Canada"
7843,16771,"Salewa North America Inc., of Boulder, Colo."
7844,16254,"Swarovski Lighting Ltd., of Plattsburgh, N.Y."
7842,16770,"Dazzling Toys, of Monroe, N.Y."
7837,16250,"J.D. North America Corp., of Charlotte, N.C."
7840,16252,"Cree Inc., of Durham, N.C."
7839,16251,"Mars Retail Group, of Mount Arlington, N.J."
7836,16249,"Dorel Juvenile, of Columbus, Ind."
7833,16246,"Crownplace Brands Ltd, of Dalton, Ohio"
7832,16247,"McDonald?s Corp., of Oakbrook, Ill."
7830,16767,"Sauder Woodworking Co., of Archbold, Ohio"
7828,16242,"Dennis East International, LLC of Yarmouth Port, Mass."
7827,16243,"Shocker Paintball, of Loyalhanna, Pa."
7824,16240,"Brown Jordan Services, of St. Augustine, Fla."
7826,16239,"Kohler Power Systems of Kohler, Wis."
7822,16764,"Signal Communications Corp., of Woburn, Mass. and National Time & Signal Corp., of Wixom, Mich."
7820,16236,"Starbucks Corp., de Seattle, Washington"
7817,16235,"Loot Crate, Inc. of Los Angeles, Calif., supplied by ICUP, Inc. of Cherry Hill, N.J."
7816,16233,"Liberty Mountain, of Sandy, Utah"
7814,16232,"Gavis Pharmaceuticals, of Somerset, N.J."
7809,16231,"Lorex Technology Inc., of, Canada"
7808,16758,"Nu Skin Enterprises Inc., of Provo, Utah"
7804,16227,"GSI Outdoors, Inc., of Spokane, Wash."
7805,16228,"Things Remembered, Inc., of Highland Heights, Ohio"
7803,16757,"Nestl� Waters North America Inc., of Stamford, Conn."
7800,16224,"Home Source Industries LLC, of East Rutherford, N. J."
7801,16225,"The Clorox Company, of Oakland, Calif."
7798,16222,"Bernhardt Furniture Company, of Lenoir, N.C."
7796,16220,"URBAN626, LLC, of Pasadena, Calif."
7788,16212,"Boscov?s Department Store LLC, of Reading, Pa."
7786,16210,"Hoverboard LLC, of Scottsdale, Ariz."
7794,16756,"Little Lotus, of San Francisco"
7790,16214,"Overstock.com, of Salt Lake City, Utah"
7783,16218,Ver tabla
7782,16207,"Winco Fireworks International of Lone Jack, Mo."
7780,16755,"Polaris Industries Inc., of Medina, Minn."
7776,16201,"3M Company, of St. Paul, Minn."
7778,16203,"Kinsey?s Inc., d/b/a October Mountain Products, Inc., of Mount Joy, Pa."
7775,16754,"Ecovent Corp., of Charlestown, Mass"
7774,16200,"The Land of Nod, of Morton Grove, Ill."
7766,16193,"360 Electrical LLC, of Salt Lake City, Utah"
7768,16191,"Rhino Metals Inc., of Caldwell, Idaho"
7758,16186,"LaRose Industries, of Randolph, N.J. and Target Corp., of Minneapolis, Minn."
7756,16185,"Traxxas LP, of McKinney, Tex."
7749,16748,"Currey & Company of Atlanta, Ga."
7748,16178,"Osprey Child Safety Products LLC, of Cortez, Colo."
7751,16177,"Rheem Sales Company Inc., of Montgomery, Ala."
7745,16747,"Hed Cycling of, Roseville, Minn."
7743,16746,"American Honda Motor Company, Inc., of Torrance, Calif."
7744,16175,"Noble House Home Furnishings LLC, of Chatsworth, Calif."
6742,16172,"Philips Lighting North America Corp., of Somerset, N.J."
6743,16173,"Rixson, of Monroe, N.C, a brand of Yale Security Inc. Yale Security is owned by Assa Abloy."
6738,16168,"Black Diamond Equipment Ltd., of Salt Lake City, Utah"
6737,16164,"Black Diamond Equipment Ltd., of Salt Lake City, Utah"
6739,16169,"Black Diamond Equipment Ltd., of Salt Lake City, Utah"
6735,16165,"Rocky Mountain Bicycles, of Canada"
6733,16166,"SCOTT USA Inc., of Salt Lake City, Utah"
6732,16163,"phil&teds, of Fort Collins, Colo."
6729,16744,"Kubota Tractor Corporation, of Torrance, Calif."
6725,16158,"Robert Bosch Tool Corp., of Mount Prospect, Ill."
6718,16154,"Wal-Mart Stores Inc., of Bentonville, Ark."
6717,16739,"MTD Products Company, of Cleveland, Ohio"
6715,16152,"Alltrade Tools LLC, of Long Beach, Calif."
6716,16153,"Stile Products, Inc., of Lakewood, Calif."
6712,16149,"YTL International, of Cerritos, Calif."
6710,16147,"Flying Tiger Copenhagen, of New York"
6708,16145,"Miniland Educational Corp., of Miami, Fla."
6707,16144,"Staples the Office Superstore LLC, of Framingham, Mass."
6704,16738,"Yamaha Motor Corporation USA, of Cypress, Calif."
6700,16138,"Deca International Corp., dba GolfBuddy, of La Palma, Calif."
6701,16139,"IKEA North America Services LLC, of Conshohocken, Pa."
6699,16137,"Rings: Child Works, of Carollton, Ga."
6691,16129,"The Manhattan Toy Company, of Minneapolis"
6689,16132,"Black Diamond Ltd., of Salt Lake City, Utah"
6687,16130,"Black Diamond Equipment Ltd., of Salt Lake City, Utah"
6686,16124,"Fiskars Brands Inc., of Madison, Wis."
6682,16123,"IKEA North America Services LLC, of Conshohocken, Pa."
6680,16121,"SRAM LLC, of Chicago, Ill."
6679,16122,"SRAM LLC, of Chicago, Ill."
6676,16733,"Room & Board, of Minneapolis, Minn."
6675,16732,"Anchor Industries, Inc., of Evansville, Ind."
6672,16730,"KYMCO USA, of Spartanburg, S.C."
6669,16112,"Illume, of Bloomington, Minn."
6661,16108,"BYA Sports, of Louisville, Colo."
6664,16727,"ENVE Composites, of Ogden, Utah"
6663,16107,"Raynor Marketing, LTD, of West Hempstead, N.Y."
6660,16105,"Boa Technology, Inc., of Denver, Colo."
6645,16092,"Dollar General Corp., of Goodlettsville, Tenn."
6647,16093,"Head USA, of Boulder, Colo."
6643,16090,"Easthill Group Inc., dba Eastwood Co., of Pottstown, Pa."
6640,16089,"Microsoft Corp., of Redmond, Wash"
6622,16073,"Altar?d State of Knoxville, Tenn."
6620,16072,"Quality Bicycle Products Inc. (QBP), of Bloomington, Minn."
6619,16071,"Cost Plus Management Services Inc., of Oakland, Calif."
6616,16720,"Zulily Inc., of Seattle"
6600,16714,"Kawasaki Motors Corp., U.S.A., of Irvine, Calif."
6598,16713,"Polaris Industries Inc., of Medina, Minn."
6597,16712,"Polaris Industries Inc., of Medina, Minn."
6594,16710,"Kubota Tractor Corp., of Torrance, Calif."
6592,16053,"Limoss US LLC, of Baldwyn, Miss."
6590,16052,"Cost Plus Management Services Inc., of Oakland, Calif."
6588,16049,"Felt Bicycles, of Irvine, Calif."
6584,16046,"Mars Symbioscience, of Germantown, Md."
6576,16037,"Kona Bicycle Company, of Ferndale, Wash."
6577,16038,"PetSmart Inc., of Phoenix, Ariz."
6570,16034,"SharkNinja Operating LLC, of Newton, Mass."
6571,16032,"PNY Technologies, Inc., of Parsippany, N.J."
6559,16024,"Maeli Rose, of Arcadia, Calif."
6558,16023,"Quality Bicycle Products, Inc. (QBP), of Bloomington, Minn."
6550,16704,"L.L. Bean Inc., of Freeport, Maine"
6545,16012,"BGHA, Inc. dba Big Game, of Windom, Minn."
6543,16010,"Turtle Beach Corporation, of San Diego, Calif."
6537,16702,"Polaris Industries Inc., of Medina, Minn."
6533,16003,"BSH Home Appliances Corp., de Irvine, California"
6525,15254,"Madewell Inc., of New York, N.Y."
6524,15252,"Pride Family Brands, Inc., of Fort Lauderdale, Fla."
6522,15250,"Rings: Child Works, of Carollton, Ga."
6518,15247,"Zak Designs Inc., of Airway Heights, Wash."
6492,15227,"Robert Bosch Tool Corp., of Mount Prospect, Ill."
6458,15198,"Kyber Outerwear USA Corp., of Ogdensburg, NY"
6455,15743,"Polaris Industries Inc., of Medina, Minn."
6452,15194,"Cost Plus Management Services Inc., of Oakland, Calif."
6446,15187,"Reliance Worldwide Corp. of Atlanta, Ga."
6437,15180,"Jake?s Fireworks Inc., of Pittsburgh, Kan."
6432,15739,"Otteroo Corporation, of San Francisco, Calif."
6430,15738,"Yamaha Golf Car Company, of Newnan, Ga."
6424,15169,"SR Suntour North America, of Vancouver, Wash. (bicycle forks)"
6421,15166,"Colnago America Inc., of Chicago"
6420,15735,"Coulter Venutres LLC, dba Rogue Fitness, of Columbus, Ohio"
6418,15163,"Ramart LLC, of Tulsa, Okla."
6412,15159,"Cree Inc., of Durham, N.C."
6409,15154,"Ortovox, of Taufkirchen, Germany"
6397,15143,"Electrolux Home Products Inc., of Charlotte, N.C."
6396,15142,"Electrolux Home Products Inc., of Charlotte, N.C."
6394,15139,"Kaldi?s Coffee Roasting Company, of St. Louis, Mo."
6388,15134,"Cost Plus Management Services Inc., of Oakland, Calif."
6380,15128,"Felt Bicycles, of Irvine, Calif."
6377,15124,"Pedego Inc., of Irvine, Calif."
6362,15110,"Waterloo Industries Inc., of Waterloo, Iowa"
6357,15726,"Dimension Industries Company Ltd., of Taiwan"
1938,15102,"Coastal Carolina Elevators LLC, formerly Seaside Elevator LLC, of Little River, S.C."
1929,15094,"SCARPA North America Inc., of Boulder, Colo."
1930,15095,"Urban Outfitters Inc., of Philadelphia, Pa."
1983,15722,"Melville Direct of Lawrenceburg, Indiana"
1982,15721,"Safe Step Walk-In Tub Co., of Nashville, Tenn."
1980,15719,"Hayneedle Inc., of Omaha, Neb."
1900,15065,"Sunbeam Products, Inc., Boca Raton, Fla."
1978,15717,"Vosges Haut-Chocolat, of Chicago"
1887,15052,"BRP U.S. Inc., of Sturtevant, Wis."
1886,15051,"Kiddie Korral, Dallas, TX"
1973,15712,"Ethan Allen of Danbury, Conn."
1874,15040,"Felt Bicycles, of Irvine, Calif."
1868,15034,"Bushnell Holdings, Inc. d/b/a Hoppe?s, Overland Park, Kan."
1856,15021,"McDonald?s Corp., of Oakbrook, Ill."
1852,15017,"Cost Plus Management Services Inc., of Oakland, Calif."
1851,15016,"AGI Fundraising, The Chip Shoppe, CPK Inc, Evergreen Fundraising, Great American Opportunities and Paragon Promotions"
1966,15705,"Dimension Industries Company Ltd., of Taiwan"
1841,15003,"Fiskars Brands Inc., of Madison, Wis."
1963,15702,"JAB Distributors dba PAB Two LLC, of Wheeling, Ill."
1829,14750,"QVC Inc., of West Chester, Pa."
1755,14263,"Goodman Company, L.P. of Houston, Texas"
1827,14748,"Sunjoy Industries, of Steubenville, Ohio"
1826,14747,"Swimwear Anywhere, Inc., of New York, N.Y."
1752,14260,"SolarWorld Americas, of Camarillo, California, a subsidiary of SolarWorld AG, of Bonn, Germany."
1751,14259,"Attwood Corporation of Lowell, Mich."
1748,14256,"Vornado Air, LLC, of Andover, Kan."
1821,14742,"L.L. Bean Inc., of Freeport, Maine"
1743,14251,"VIZIO Inc., of Irvine, Calif."
1740,14245,"Dynacraft BSC Inc., of American Canyon, Calif."
1820,14741,"Kawasaki Motors Corp. USA, of Irvine, Calif."
1726,14230,"Bollinger Fitness, a division of Alliance Sports Group L.P., of Grand Prairie, Texas"
1724,14228,"Gemini Manufacturing Inc., of Gaffney, S.C."
1721,14224,"American Eagle dba Big Fireworks, of Lansing, Mich."
1719,14221,"Black & Decker (U.S.) Inc., dba Porter-Cable, Towson, Md."
1712,14213,"Stile Products Inc., of Lakewood, Calif."
1710,14211,"Reebok-CCM of Montpelier, Vt."
1815,14736,"American Signature Inc., of Columbus, Ohio"
1705,14204,"Cost Plus Management Services Inc., of Oakland, Calif."
1704,14203,"Weil-McLain, of Michigan City, Ind."
1697,14195,"Sunbeam Products, Inc., of Boca Raton, Fla."
1689,14187,"Nest Labs Inc. of Palo Alto, Calif."
1687,14184,"Exmark Manufacturing Co. Inc., of Beatrice, Neb."
1683,14180,"H&M Hennes & Mauritz L.P., of North Arlington, N.J."
1680,14177,"Dimension Industries Co., Ltd., of Taipei, Taiwan"
1812,14733,"Altria Group Distribution Company, of Richmond, Va."
1671,14166,"White-Rodgers of St. Louis, Mo., a division of Emerson Climate Technologies."
1810,14731,"Kawasaki Motors Corp., U.S.A., of Irvine, Calif."
1664,14159,"Felt Bicycles, of Irvine, Calif."
1660,14155,"PetSmart Inc., of Phoenix, Ariz."
1646,14138,"Burlingame Industries, Inc., dba Eagle Roofing Products, located in Rialto, Calif."
1644,14136,"Minga Fair Trade Imports, of Lake Geneva, Wis."
1802,14723,"QVC Inc., of West Chester, Pa."
1639,14130,"BMC-USA, of Boston, Mass."
1638,14129,"Fitbit Inc., of San Francisco"
1635,14125,"Packaging Tape, Inc., of Wausau, Wis."
1632,14118,"Mammut Sports Group, Inc, of Williston, Vt."
1630,14115,"Bombardier Recreational Products U.S. Inc., Sturtevant, Wis."
1623,14107,"Lucent Ace Manufacturing, of City of Industry, Calif."
1617,14100,"Lion Force Inc., of Brooklyn, N.Y."
1618,14101,"Runway Fashions Inc., of New York, N.Y."
1613,14097,"Fred & Friends, of Cumberland, R.I., a division of Lifetime Brands, Inc., of Garden City, N.Y."
1609,14093,"Reebok-CCM Hockey Inc. of Montpelier, Vt."
1600,14084,"Playtex Products Inc., of Dover, Del."
1790,14710,"American Honda Motor Company, of Torrance, Calif."
1596,14080,"Sears Holdings, of Hoffman Estates, Ill."
1581,14061,"Hewlett-Packard Company (HP), of Palo Alto, Calif."
1571,14050,Mirage Fashions of NY LLC
1580,14059,"Wahl Clipper Corp., of Sterling, Ill."
1575,14054,Coby USA is out of business
1576,14055,"Trek Bicycles Corp., of Waterloo, Wis."
1572,14051,"Ram?s Imports Inc. of New York, N.Y."
1566,14045,"Exmark Manufacturing Company, Inc., from Beatrice, Neb."
1567,14046,"The Toro Co., of Bloomington, Minn."
1784,14704,"Denver Global Products, of Lincolnton, N.C."
1560,14037,"K2 Sports, of Seattle, Wash."
1563,14040,"David?s Place Off Price Clothing Co. Inc., a division of YMI Jeans, of Los Angeles, Calif."
1554,14030,"Backcountry Access, Inc., of Boulder, Colo."
1556,14032,"Little Willy?s of, New York, N.Y."
1553,14029,"Cuisinart, a division of Conair Corp., of Stamford, Conn."
1781,14701,"American Honda Motor Company, of Torrance, Calif."
1464,13288,"Electrolux Home Care Products Inc., of Charlotte, N.C."
1463,13287,"Waterlogic Commercial Products, LLC, of Omaha, Neb."
1457,13281,"LeMans Corporation Inc., of Janesville, Wis."
1458,13282,"L.L.Bean Inc., of Freeport, Maine"
1521,13750,"L.L.Bean Inc., of Freeport, Maine"
1444,13267,"Applica Consumer Products Inc. of Miramar, Fla."
1519,13748,"LTD Commodities LLC, of Bannockburn, Ill. operating the catalog brands LTD Commodities, ABC Distributing and The Lakeside Collection."
1438,13261,"Giant Bicycles Inc. of Newbury Park, Calif."
1419,13239,"REI, of Kent, Wash."
1413,13233,"Angel?s Touch Collections Co., Ltd., of Rego Park, N.Y."
1513,13741,"Yamaha Motor Corporation USA, of Cypress, Calif."
1410,13229,"Easy Aces, Inc. d/b/a Fred & Friends, of Cumberland, R.I."
1370,13181,"Cerv�lo Cycles Inc., of Toronto, Canada"
1351,13162,"Dynacraft BSC Inc., of American Canyon, Calif."
1327,13132,"The Pampered Chef, of Addison, Ill."
1321,13125,"Dynacraft BSC Inc., of American Canyon, Calif."
1322,13126,"Dynacraft BSC Inc., of American Canyon, Calif."
1286,13088,Denco Sales; Graphic Solution; Hart Supply; Interstate Electric; Montroy Supply Co; N.Glantz & Son; Pioneer Supply; Reece Supply Co; Sun Supply; Tubelite Co.
1485,13713,"American Honda Motor Co. Inc., of Torrance, Calif."
1486,13714,"GKI Bethlehem Lights of Taunton, Mass."
1267,13067,"Enesco, LLC, of Itasca, Ill."
1255,13050,"G-U Hardware, Inc., of Newport News, Va."
1480,13708,"Meyer Marketing Co. Ltd, of Macau"
1247,13042,"American Honda Motor Co. Inc., of Torrance, Calif."
1232,13025,"Atico International USA Inc., of Fort Lauderdale, Fla."
1230,13022,"Bose Corporation, of Framingham, Mass."
1143,12281,"Specialized Bicycle Components Inc., of Morgan Hill, Calif."
1207,12749,"Hayneedle Inc., of Omaha, Neb."
1132,12268,"Mountain Sports Distribution, of Golden British Columbia, Canada"
1135,12270,"Cost Plus Inc., of Oakland, Calif."
1126,12261,"Cooper Lighting LLC, of Peachtree City, Ga."
1122,12257,"eecycleworks LLC of La Ca�ada, Calif."
1203,12745,"Kawasaki Motors Corp. USA, of Irvine, Calif."
1098,12230,"Burlington Coat Factory, of Burlington, N.J."
1200,12742,"TRUMPF Medical Systems Inc., of Charleston, SC"
1088,12219,"Nikon Inc., of Melville, N.Y."
1196,12738,"Tone World International Inc., of Minneapolis, Minn."
1074,12202,"Currie Technologies, of Chatsworth, Calif."
1064,12194,"Nautilus Inc. of Vancouver, Wash."
1062,12192,"Evenflo Inc., of Miamisburg, Ohio"
1061,12191,"Applica Consumer Products Inc. of Miramar, Fla."
1194,12736,"Mason Companies, Inc., of Chippewa Falls, Wis."
1055,12185,"Cooper Lighting LLC, of Peachtree City, Ga."
1053,12183,"Sinclair Imports, of Reno, Nev., and Quality Bicycle Products, of Bloomington, Minn."
1192,12734,"Porter Athletic, a division of Litania Sports Group, Inc., of Champaign, Ill."
1044,12173,"Kolcraft Enterprises Inc., of Chicago, Ill."
1041,12170,"Hot Chocolate Inc., of Los Angeles, Calif."
1189,12731,"Kawasaki Motors Corp., U.S.A., of Irvine, Calif."
1026,12155,"XS Scuba, Inc., of Santa Ana, Calif."
1188,12730,"Air Venturi of Warrensville Heights, Ohio"
1012,12140,"Happy Shirts, of Honolulu, Hawaii"
1010,12139,"Great American Opportunities of Nashville, Tenn."
1185,12727,"Kawasaki Motors Corp. USA, of Irvine, Calif."
1002,12130,"Umbro USA, of Beaverton, Ore."
996,12123,"Twin Oaks, of Louisa, Va."
994,12121,"American Honda Motor Company, of Torrance, Calif."
1180,12722,"American Honda Motor Company, of Torrance, Calif."
984,12111,"International Playthings LLC, of Parsippany, N.J."
1178,12720,"JN Bailey and Associates Inc., of Dayton, Ohio"
966,12096,"Specialized Bicycle Components Inc., of Morgan Hill, Calif."
963,12093,"Lee Carter Co., of San Francisco, Calif."
962,12092,"Lee Carter Co., of San Francisco, Calif."
1170,12712,"Steelcase Inc., of Grand Rapids, Mich."
957,12087,"Kaz USA Inc., of Southborough, Mass."
1168,12710,"The Sterno Group LLC, of Des Plaines, Ill."
1167,12709,"BRP US Inc., of Sturtevant, Wis."
933,12061,"Brown Shoe Company, Inc., of St. Louis, Mo."
934,12062,"The Pampered Chef, of Addison, Ill."
1165,12707,"Fourstar Group USA Inc., of Bedford Heights, Ohio"
929,12055,"Toys Distribution Inc., of Los Angeles, Calif."
927,12052,"Nautilus Inc. of Vancouver, Wash."
920,12044,"Family Dollar Services Inc., of Matthews, N.C."
921,12045,"Collective Brands, Inc., of Topeka, Kan."
917,12040,"Michaels Stores Inc. of Irving, Tex."
913,12034,"Libbey Glass Inc., of Toledo, Ohio"
901,12020,"Evergreen Enterprises, Richmond, Va."
1159,12701,"ADT Security Services Inc. of Boca Raton, Fla."
892,12007,"Marshall Group, of Elkhart, Ind."
888,12002,"Bird Brain Inc. of Ypsilanti, Mich."
887,12001,"Ballard Designs, Inc. of Atlanta, Ga."
771,11336,"Bond Manufacturing Co., of Antioch, Calif."
772,11337,"Fuel Barons Inc., of Stateline, Nev."
770,11335,"Mega Wholesales Corporation, of Miami, Fla."
775,11340,"Luminosities/Windflame Inc., of St. Paul, Minn."
773,11338,"Real Flame, of Racine, Wis."
774,11339,"Smart Solar Inc., of Oldsmar, Fla."
767,11330,"Specialized Bicycle Components Inc., of Morgan Hill, Calif."
780,11346,"Lamplight Farms Inc., of Menomonee Falls, Wis."
746,11307,"C. O. Lynch Enterprises, Inc., of Roseville, Minn."
744,11305,"Radio Flyer, of Chicago, Ill."
741,11300,"Lithonia Lighting, a division of Acuity Brands Lighting Inc. of Conyers, Ga."
734,11290,"Bravo Sports of Santa Fe Springs, Calif Note: Disney licensed its brand name to Bravo Sports"
717,11272,"Edushape Ltd., of Deer Park, N.Y."
705,11258,"Rugby Laboratories, Inc., of Duluth, Georgia"
696,11247,"GE Appliances and Lighting, of Louisville, Ky."
689,11239,"EKSuccess Brands, a division of Wilton Brands Inc., of Woodridge, Ill."
854,11741,"Kahn Enterprises LLC, Mendota Heights, Minn."
679,11225,"Lan Enterprises, LLC, of Hillsboro, Ore."
676,11222,"Maclaren USA, Inc., of South Norwalk, Conn."
675,11221,"UJ Trading, of Houston, Texas"
666,11211,"Tween Brands Inc., d/b/a Justice, of New Albany, Ohio"
848,11736,"Heartland America, of Chaska, Minn."
846,11734,"Datseplots Inc., dba GeoManGear, of Denver, Colo."
655,11198,"Advanced Distributor Products (ADP) LLC, of Grenada, Miss."
654,11197,"Lennox Industries Inc., of Richardson, Texas"
652,11195,"My Michelle, of New York, NY"
650,11193,"Coulter Ventures LLC dba Rogue Fitness, of Columbus, Ohio"
647,11189,"Williams-Sonoma Inc., of San Francisco, Calif."
644,11186,"Infantino LLC, of San Diego, Calif."
638,11178,"Scotch Corporation, of Dallas, Texas"
634,11172,"Bravo Sports, of Santa Fe Springs, Calif."
839,11728,"American Suzuki Motor Corp., of Brea, California; Montgomery Motors Ltd., of Honolulu, Hawaii; Suzuki del Caribe Inc., of Rio Piedras, Puerto Rico"
838,11727,"American Suzuki Motor Corp., of Brea, California; Montgomery Motors Ltd., of Honolulu, Hawaii; Suzuki del Caribe Inc., of Rio Piedras, Puerto Rico"
631,11167,"Walgreen Co., of Deerfield, Ill."
630,11166,"Rocky Mountain Bicycles, of Canada"
626,11161,"Sunbeam Products Inc., of Boca Raton, Fla."
618,11154,"IKEA Home Furnishings, of Conshohocken, Pa."
615,11150,"Lehrhoff ABL, of Carlstadt, N.J."
609,11145,"Baby Jogger LLC, of Richmond, Va."
611,11147,"Tommy Bahama Group Inc., of Seattle, Wash."
599,11135,"IKEA Home Furnishings, of Conshohocken, Pa."
596,11132,"Kristi G Company, of Atlanta, and SwimWays Corp., of Virginia Beach, Va."
595,11131,"LEM Products, of Harrison, Ohio"
581,11118,"Sunbeam Products Inc., Boca Raton, Fla."
574,11108,"Kang Sheng Group, of Lexington, N.C."
828,11718,"Dillon Davis, of South San Francisco, Calif."
571,11105,"IKEA Home Furnishings, of Conshohocken, Pa."
568,11101,"Vacless Systems Inc., of Sylmar, Calif."
557,11091,Mejoong Corp. dba Hot Kids
546,11081,"BabyUnited LLC dba BabyLegs of Seattle, Wash."
542,11078,"Michaels Stores Inc., of Irving, Texas"
540,11076,"Kindermusik International, Inc. of Greensboro N.C."
531,11066,"One World Technologies, of Anderson, S.C."
517,11050,"MacSports Inc., of La Verne, Calif."
513,11046,"VOS Sports Inc., City of Industry, Calif."
510,11041,"Sportcraft Ltd., of Budd Lake, N.J."
484,11014,"Lollytogs Ltd., of New York, N.Y."
474,11005,"J.C. Penney, of Plano, Texas"
475,11006,"Bravo Sports, of Santa Fe Springs, Calif."
473,11004,"Tabletops Unlimited, Inc., of Carson, Calif."
290,10297,"Tween Brands Inc., of New Albany, Ohio"
435,10747,"American Suzuki Motor Corp., of Brea, California; Montgomery Motors, Ltd., of Honolulu, Hawaii; Suzuki del Caribe Inc., of Rio Piedras, Puerto Rico"
200,10201,"Trendset Originals LLC, of New York, N.Y."
414,10728,Agio International Co. of Hong Kong.
172,10175,"BikeMine, of Oklahoma City, Okla.; Quality Bicycle Parts, of Bloomington, Minn.; Security Bicycle Accessories, of Hempstead, N.Y.; and Bicycle Technologies International, Ltd. (BTI), of Santa Fe, N.M."
404,10719,"Yamaha Motor Corporation U.S.A., of Cypress, Calif."
91,10095,"Kendamaspot LLC, of Redmond, Wash."
399,10714,"W.S. Badcock Corp., of Mulberry, Fla"
29,10029,"Adventure Playsets, of Amarillo, Texas"
